{"cameraMode":{"drawMode":0,"name":"Shaded","section":"Shading Mode"},"sceneLighting":true,"audioPlay":false,"sceneViewState":{"m_AlwaysRefresh":false,"showFog":true,"showSkybox":true,"showFlares":true,"showImageEffects":true,"showParticleSystems":true,"showVisualEffectGraphs":true,"m_FxEnabled":true},"in2DMode":false,"pivot":{"x":5.399909973144531,"y":9.667094230651856,"z":0.054393768310546878},"rotation":{"x":-0.02292567491531372,"y":-0.7657778859138489,"z":-0.027343925088644029,"w":0.642119288444519},"size":16.415781021118165,"orthographic":false}