{"img_format": "PNG", "img_res_x": 346, "img_res_y": 240, "cam_mat_intr": {"f_x": 480.5555555555556, "f_y": 480.5555555555556, "c_x": 172.5, "c_y": 119.5}, "is_stereo": false}