{"filename": "pyntcloud_plot", "camera_position": [0.12155760079622269, 0.37399202585220337, 0.11742927879095078], "look_at": [-0.028035711497068405, 0.09421554207801819, 0.009049546904861927], "point_size": 0.002813764214515686, "point_opacity": 0.9, "polylines_points": [], "polylines_colors": []}